0,5,10,20,30,40,50,60,70,80,90,100,110,120,130,140
0,1,22,68,126,158,192,226,253,254,255,256,257,258,259,260
0,1,13,38,77,116,147,183,219,255,256,257,258,259,275,288
0,1,13,38,73,118,123,124,151,160,160,160,160,160,160,160
0,1,10,38,46,47,48,49,50,51,173,199,200,201,202,203
0,1,11,51,108,144,184,185,278,323,347,352,353,354,355,359
0,1,14,54,79,79,79,79,79,79,79,79,79,79,79,79
0,1,11,40,78,90,90,90,90,90,90,90,90,90,90,90
0,1,2,3,4,5,6,7,8,9,10,11,22,60,110,155
0,1,17,54,84,149,200,205,206,207,208,209,210,211,212,228
0,1,12,42,57,58,59,60,61,62,90,118,179,186,186,186
0,1,15,55,102,169,199,235,236,237,238,239,240,241,242,243
0,1,15,39,95,149,188,245,279,279,279,279,279,279,279,279
0,1,14,72,147,171,217,218,219,220,221,222,223,224,407,426
0,1,11,23,24,25,26,27,43,44,44,44,44,44,44,44
0,2,15,50,79,122,160,200,201,202,203,204,205,206,209,209
0,1,19,65,118,171,207,238,247,248,249,250,251,252,253,380
0,1,10,10,10,10,10,10,10,10,10,10,10,10,10,10
0,1,19,45,67,109,148,176,176,176,176,176,176,176,176,176
0,1,24,53,79,143,161,162,163,171,241,264,265,266,267,268
0,1,14,46,60,61,62,63,64,65,66,67,68,69,70,71
0,1,13,31,32,33,34,35,36,37,38,39,45,113,164,214
0,1,17,66,103,167,168,168,168,168,168,168,168,168,168,168
0,1,18,48,94,146,159,178,183,184,185,186,245,246,285,285
0,1,14,45,89,131,151,152,153,172,173,173,173,173,173,173
0,1,1,1,1,1,1,1,1,1,1,1,1,1,1,1
0,1,15,46,82,96,97,187,199,200,250,250,250,250,250,250
0,1,11,54,90,141,166,167,168,169,170,171,172,172,172,172
0,1,12,39,69,70,71,72,73,74,75,76,77,78,79,109
0,1,24,74,105,106,107,108,114,146,150,151,289,334,340,340
0,1,13,48,49,50,51,52,53,54,55,56,57,58,59,60
0,1,12,38,76,129,158,170,232,242,243,244,245,246,247,273
0,1,11,50,83,112,120,121,122,123,124,125,190,190,190,190
0,1,14,44,86,124,162,190,191,192,193,194,195,196,228,228
0,1,22,53,83,100,101,102,103,104,105,106,107,108,256,257
0,1,8,9,10,11,12,13,14,15,16,17,18,19,20,21
0,1,12,53,82,85,86,87,88,157,266,270,270,270,270,270
0,1,14,40,54,55,56,57,264,282,283,284,285,305,305,305
0,1,9,35,93,94,95,96,97,98,99,100,101,102,107,134
0,1,17,54,118,151,177,241,242,243,244,245,246,249,275,306
0,1,14,45,89,118,161,212,242,281,322,323,324,362,395,433
0,1,14,50,87,120,151,194,195,196,234,270,293,294,295,298
0,1,12,45,90,143,157,158,159,160,161,198,199,200,201,419
0,1,13,54,96,128,129,130,131,132,133,134,178,189,190,218
0,1,10,43,71,101,120,123,177,189,190,191,192,193,194,211
0,1,7,43,63,64,65,66,67,68,69,70,71,72,270,271
0,1,10,38,101,133,177,207,255,299,333,340,340,340,340,340
0,1,18,40,92,154,182,219,243,276,303,329,365,398,417,421
0,1,19,57,103,160,195,230,239,240,241,242,243,244,245,359
0,1,10,20,21,29,67,109,173,202,257,291,292,293,294,295
0,1,9,37,71,92,92,92,92,92,92,92,92,92,92,92
0,1,19,51,95,135,135,135,135,135,135,135,135,135,135,135
0,1,14,54,87,125,166,220,283,313,361,394,395,395,395,395
0,1,11,60,93,131,168,172,173,174,175,206,206,206,206,206
0,1,10,42,89,124,151,182,210,241,255,256,257,258,273,342
0,1,10,42,77,121,163,190,190,190,190,190,190,190,190,190
0,1,15,48,102,144,174,175,176,177,178,179,180,251,252,273
0,1,19,46,81,84,84,84,84,84,84,84,84,84,84,84
0,1,11,35,35,35,35,35,35,35,35,35,35,35,35,35
0,1,20,48,85,99,100,101,102,103,104,105,106,107,108,109
0,1,15,50,91,124,164,195,195,195,195,195,195,195,195,195
0,1,16,48,85,120,130,131,132,133,134,135,136,137,138,139
0,1,19,62,99,139,189,214,215,216,217,218,219,220,236,281
0,1,14,43,74,121,163,210,222,223,224,225,226,227,247,306
0,1,9,45,78,110,123,124,125,126,127,287,288,304,304,304
0,1,17,29,30,31,32,33,35,36,37,38,39,40,264,265
0,1,12,45,79,104,128,159,160,161,162,163,164,165,166,190
0,1,9,41,100,134,163,187,189,190,191,192,193,250,250,250
0,1,12,41,82,120,159,196,203,204,205,206,207,208,209,255
0,1,3,3,3,3,3,3,3,3,3,3,3,3,3,3
0,1,11,31,32,33,34,35,36,77,121,166,199,235,263,323
0,1,12,45,70,109,143,170,197,198,199,200,201,202,203,220
0,1,15,45,97,126,160,161,162,163,164,286,287,347,348,349
0,1,10,51,51,51,51,51,51,51,51,51,51,51,51,51
0,1,13,45,91,123,151,152,153,154,155,156,157,158,159,160
0,1,8,44,82,113,167,204,242,255,264,265,266,267,268,269
0,1,12,44,74,99,138,166,167,168,169,170,171,172,231,276
0,1,13,44,76,99,141,173,235,258,259,260,261,262,285,286
0,1,12,37,63,99,136,190,210,211,212,213,214,215,223,263
0,1,14,47,85,123,152,192,204,204,204,204,204,204,204,204
0,1,11,52,90,127,157,190,237,271,272,273,274,275,276,308
0,1,15,45,67,89,90,91,92,93,94,95,96,108,108,108
0,1,13,42,72,107,113,113,113,113,113,113,113,113,113,113
0,1,14,47,84,111,160,195,200,201,202,203,288,289,290,307
0,1,15,37,38,39,40,41,63,91,92,93,94,122,161,161
0,1,10,36,68,93,129,148,148,148,148,148,148,148,148,148
0,1,15,46,84,84,84,84,84,84,84,84,84,84,84,84
0,1,9,39,104,150,151,152,153,154,155,156,157,158,159,160
0,1,14,39,40,41,42,43,44,45,46,47,111,112,113,114
0,1,13,51,83,83,83,83,83,83,83,83,83,83,83,83
0,1,15,42,71,119,130,130,130,130,130,130,130,130,130,130
0,1,19,50,83,117,168,168,168,168,168,168,168,168,168,168
0,1,15,50,84,132,134,135,136,137,138,139,140,179,180,181
0,1,10,38,79,112,120,121,122,123,140,141,142,143,144,220
0,1,12,39,67,95,95,95,95,95,95,95,95,95,95,95
0,1,13,21,22,23,24,25,46,85,117,118,119,120,149,150
0,1,16,42,87,127,159,201,224,225,226,227,228,229,230,231
0,1,9,41,69,100,146,199,229,256,257,258,259,260,264,275
0,1,10,42,79,122,137,138,139,140,141,142,143,144,145,159
0,1,17,45,71,95,117,157,192,225,226,227,228,241,241,241
0,1,12,47,48,49,50,51,52,59,63,64,65,66,67,68
0,1,4,5,6,7,8,9,10,11,12,13,14,228,229,273
0,1,14,51,88,113,165,178,179,180,181,182,183,184,264,264
0,1,29,60,98,147,171,172,173,174,175,197,198,199,200,201
0,1,14,44,70,91,92,93,94,213,214,215,216,217,218,354
0,1,13,38,62,96,111,112,210,210,210,210,210,210,210,210
0,1,13,44,75,103,145,169,190,251,265,287,291,350,351,352
0,1,14,15,16,17,18,19,65,147,148,149,149,149,149,149
0,1,2,3,4,5,6,7,8,9,10,56,93,126,169,199
0,1,17,53,86,119,120,121,122,123,124,228,253,308,321,322
0,1,10,33,34,35,36,37,38,39,54,122,163,208,209,259
0,1,18,49,109,155,192,229,236,236,236,236,236,236,236,236
0,1,12,42,73,77,77,77,77,77,77,77,77,77,77,77
0,1,11,52,71,72,73,74,75,76,77,78,79,80,81,476
0,1,12,50,80,101,102,103,125,170,196,243,309,317,317,317
0,1,14,43,44,45,46,47,48,49,49,49,49,49,49,49
0,1,15,37,63,64,65,183,191,191,191,191,191,191,191,191
0,1,13,40,65,122,162,163,164,165,166,246,247,283,321,334
0,1,13,72,120,146,175,246,270,271,272,273,274,275,276,358
0,1,11,55,79,85,85,85,85,85,85,85,85,85,85,85
0,1,13,42,53,54,55,56,193,193,193,193,193,193,193,193
0,1,11,55,94,137,164,188,235,274,275,299,325,325,325,325
0,1,15,45,73,73,73,73,73,73,73,73,73,73,73,73
0,1,13,61,90,117,149,195,204,205,228,335,336,337,338,362
0,1,10,39,84,88,89,90,91,92,93,94,95,271,272,305
0,1,11,46,77,121,162,197,206,207,208,209,210,211,212,213
0,1,5,6,7,8,9,10,11,12,13,43,55,56,57,58
0,1,13,62,107,142,177,195,227,228,229,230,231,232,233,252
0,1,10,39,75,104,111,112,113,114,115,116,117,189,275,276
0,1,15,38,94,136,176,226,234,235,236,270,271,272,282,323
0,1,13,50,90,120,152,153,154,155,156,157,158,159,195,235
0,1,8,9,10,11,12,13,14,15,16,17,18,19,259,259
0,1,11,47,91,116,170,197,197,197,197,197,197,197,197,197
0,1,17,48,95,110,124,125,126,127,128,129,130,131,132,336
0,1,17,60,96,130,169,213,252,253,254,255,256,257,258,259
0,1,14,46,75,122,158,170,171,172,173,174,175,176,208,311
0,1,13,46,76,100,135,170,178,179,180,193,207,208,209,210
0,1,11,37,62,98,154,228,269,270,271,272,273,273,273,273
0,1,7,49,86,104,105,106,107,108,109,128,129,130,131,132
0,1,12,40,79,80,81,82,83,84,85,86,87,88,89,90
0,1,13,40,41,42,43,44,45,46,47,48,49,50,51,52
0,1,17,57,92,130,131,132,133,134,135,136,137,138,139,140
0,1,16,47,69,70,71,72,73,74,75,100,118,119,193,217
0,1,11,42,73,78,79,80,81,82,83,84,85,86,87,115
0,1,46,131,187,243,282,303,303,303,303,303,303,303,303,303
0,1,13,44,91,134,171,214,248,261,261,261,261,261,261,261
0,1,9,63,77,77,77,77,77,77,77,77,77,77,77,77
0,1,4,5,6,7,8,9,10,11,12,30,63,110,158,169
0,1,14,51,119,142,168,169,170,171,172,173,174,175,176,177
0,1,10,34,42,46,82,121,204,250,298,317,318,319,320,332
0,1,17,171,202,245,271,298,298,298,298,298,298,298,298,298
0,1,10,53,93,125,128,129,130,131,132,133,134,135,136,334
0,1,10,61,87,117,140,141,142,143,203,204,205,206,207,282
0,1,17,48,92,132,191,233,276,289,290,291,292,293,294,295
0,1,18,49,71,100,112,113,114,115,271,271,271,271,271,271
0,1,13,42,83,122,150,183,231,260,261,291,356,356,356,356
0,1,10,36,83,112,170,195,208,209,344,347,348,356,357,486
0,1,12,35,75,109,122,123,124,125,126,127,194,194,194,194
0,1,14,18,18,18,18,18,18,18,18,18,18,18,18,18
0,1,12,41,111,151,193,220,261,281,282,283,284,285,354,411
0,1,16,47,76,110,142,165,215,217,238,239,257,299,300,301
0,1,11,37,73,95,95,95,95,95,95,95,95,95,95,95
0,1,11,39,100,152,188,198,198,198,198,198,198,198,198,198
0,1,12,38,67,126,178,179,179,179,179,179,179,179,179,179
0,1,15,49,93,126,168,184,185,186,187,188,189,273,441,442
0,1,14,33,67,120,120,120,120,120,120,120,120,120,120,120
0,1,14,42,78,104,133,176,177,178,179,180,181,182,288,289
0,1,17,41,84,105,106,107,108,109,110,111,112,113,114,115
0,1,15,44,83,123,155,191,220,269,273,274,275,276,314,315
0,1,13,44,84,114,135,136,137,138,139,140,141,158,199,249
0,1,14,47,61,62,63,64,65,66,67,68,69,70,216,216
0,1,11,43,64,65,66,67,68,88,145,195,235,321,354,354
0,1,12,44,90,122,152,153,154,195,196,197,198,405,405,405
0,1,11,47,92,123,163,213,250,277,278,279,280,281,282,283
0,1,12,45,81,85,86,87,88,89,90,92,125,153,215,275
0,1,17,73,108,146,177,192,193,194,274,275,276,277,301,357
0,1,17,53,88,112,147,183,184,185,198,222,254,287,288,306
0,1,14,41,71,110,151,153,154,155,156,157,158,159,160,161
0,1,13,56,93,132,173,191,192,193,194,195,196,197,383,384
0,1,20,67,132,175,242,283,311,342,409,409,409,409,409,409
0,1,16,55,59,59,59,59,59,59,59,59,59,59,59,59
0,1,14,50,51,52,53,54,55,229,230,231,232,233,234,235
0,1,16,49,91,133,162,163,164,165,175,243,243,243,243,243
0,1,13,37,76,93,94,95,96,97,98,99,100,164,165,456
0,1,11,49,124,146,147,148,149,150,151,152,153,154,219,260
0,1,14,57,87,127,179,208,209,210,211,212,213,214,215,216
0,1,13,55,56,57,58,59,60,61,62,156,183,184,185,186
0,1,22,54,89,114,115,116,117,118,119,120,121,132,173,174
0,1,10,42,93,125,126,127,128,129,130,131,132,133,145,184
0,1,14,43,53,53,53,53,53,53,53,53,53,53,53,53
0,1,6,7,8,9,10,11,12,13,14,15,16,17,18,19
0,1,14,45,76,108,124,125,126,127,128,147,148,149,150,151
0,1,12,51,81,137,185,187,188,189,190,191,192,246,294,295
0,1,18,45,53,53,53,53,53,53,53,53,53,53,53,53
0,1,10,39,71,78,78,78,78,78,78,78,78,78,78,78
0,1,22,49,89,120,120,120,120,120,120,120,120,120,120,120
0,1,9,48,80,109,128,129,130,131,132,133,180,180,180,180
0,1,16,60,93,146,178,208,209,210,211,212,213,214,215,229
0,1,8,19,20,21,22,23,24,25,87,88,117,173,176,176
0,1,17,42,43,44,45,46,47,48,49,50,51,52,53,54
0,1,17,65,65,65,65,65,65,65,65,65,65,65,65,65
0,1,13,54,55,56,57,58,59,60,61,62,63,64,245,246
0,1,27,66,96,122,123,124,125,126,127,256,261,262,263,264
0,1,13,53,57,58,59,60,173,173,173,173,173,173,173,173
0,1,12,41,80,110,129,130,131,132,133,134,135,136,158,178
0,1,13,54,81,110,145,176,177,178,179,180,181,182,183,236
0,1,12,41,64,65,66,67,68,69,70,71,72,73,326,326
0,1,13,39,68,87,88,89,90,91,92,93,94,96,96,96
0,1,13,45,47,47,47,47,47,47,47,47,47,47,47,47
0,1,16,49,101,113,114,115,116,117,118,119,196,225,226,227
0,1,20,54,97,134,167,191,195,196,197,198,242,250,250,250
0,1,8,9,10,11,12,13,14,15,16,17,18,19,20,69
0,1,17,29,30,31,32,33,34,35,36,37,273,274,275,322
0,1,13,50,88,139,165,208,245,268,269,270,271,342,398,398
0,1,10,52,80,81,82,83,84,85,86,87,138,193,194,215
0,1,12,41,51,52,53,54,55,56,57,103,120,121,129,155
0,1,11,23,23,23,23,23,23,23,23,23,23,23,23,23
0,1,15,36,41,80,96,97,98,99,100,101,102,103,104,106
0,1,5,5,5,5,5,5,5,5,5,5,5,5,5,5
0,1,10,45,77,126,127,128,129,130,131,287,324,359,413,456
0,1,17,46,70,96,130,131,132,133,134,134,134,134,134,134
0,1,18,42,85,135,180,202,203,204,223,224,225,232,327,344
0,1,8,32,79,113,138,201,229,230,231,232,245,245,245,245
0,1,12,47,72,97,160,209,238,245,246,247,248,249,257,258
0,1,11,39,75,119,144,145,146,147,148,239,239,239,239,239
0,1,10,31,31,31,31,31,31,31,31,31,31,31,31,31
0,1,10,35,61,74,75,76,77,78,79,80,81,82,83,204
0,1,13,34,60,101,134,165,198,243,250,251,252,253,254,255
0,1,14,47,81,125,142,143,144,145,146,147,148,149,150,151
0,1,12,39,59,60,61,62,63,64,65,66,120,120,120,120
0,1,9,9,9,9,9,9,9,9,9,9,9,9,9,9
0,1,14,38,54,90,120,122,123,124,125,144,348,366,367,368
0,1,14,55,70,71,72,73,74,75,76,76,76,76,76,76
0,1,12,49,81,107,110,111,112,113,114,115,116,143,144,145
0,1,8,38,86,126,127,128,129,130,131,132,133,155,200,241
0,1,14,42,71,105,130,187,222,304,324,325,326,327,358,404
0,1,12,50,73,97,98,99,100,101,102,103,104,145,150,150
0,1,15,53,101,133,164,165,190,218,219,220,221,222,223,231
0,1,12,45,45,45,45,45,45,45,45,45,45,45,45,45
0,1,10,64,82,111,154,154,154,154,154,154,154,154,154,154
0,1,14,38,80,116,117,118,119,120,144,170,177,182,220,220
0,1,14,59,89,122,127,133,134,135,136,162,198,235,236,239
0,1,11,24,25,26,27,28,40,117,170,179,180,181,182,183
0,1,21,97,131,179,205,212,213,214,215,238,239,240,241,242
0,1,9,76,106,144,195,222,255,255,255,255,255,255,255,255
0,1,10,22,23,24,25,26,27,55,102,102,102,102,102,102
0,1,16,65,101,135,184,217,263,304,360,363,364,420,420,420
0,1,12,43,66,67,68,69,70,226,227,228,256,257,258,260
0,1,8,54,94,118,162,217,223,223,223,223,223,223,223,223
0,1,22,54,55,56,57,58,59,60,61,62,63,64,65,66
0,1,13,49,86,89,90,91,92,93,94,95,96,97,98,99
0,1,14,45,69,108,143,144,145,146,147,148,149,150,203,260
0,1,11,55,83,115,156,191,227,227,227,227,227,227,227,227
0,1,18,62,97,133,134,135,136,137,138,139,233,280,344,345
0,1,7,8,9,10,11,12,13,14,15,23,53,88,128,173
0,1,15,45,66,118,144,166,167,168,169,182,192,192,192,192
0,1,12,47,77,121,166,221,245,246,286,286,286,286,286,286
0,1,12,49,81,109,136,176,225,227,236,237,238,239,240,337
0,1,10,46,66,85,86,87,88,89,90,91,92,241,242,300
0,1,12,38,65,102,128,128,128,128,128,128,128,128,128,128
0,1,9,40,78,108,171,205,262,292,321,322,323,324,325,396
0,1,13,44,71,115,166,182,182,182,182,182,182,182,182,182
0,1,11,38,77,118,127,128,129,130,131,132,142,178,179,180
0,1,13,41,76,117,163,192,193,194,195,209,210,211,212,272
0,1,10,45,84,110,111,156,157,158,215,247,283,284,285,309
0,1,15,27,28,29,30,31,32,33,34,35,36,37,44,50
0,1,16,61,81,82,83,84,85,112,169,205,231,262,297,315
0,1,24,80,110,128,129,130,131,132,133,134,160,161,195,229
0,1,17,42,66,67,68,176,210,268,295,323,355,372,373,430
0,1,11,52,99,134,175,176,177,178,179,180,181,257,265,265
0,1,19,47,94,132,193,226,254,254,254,254,254,254,254,254
0,1,16,59,105,143,183,251,253,254,255,256,257,283,312,336
0,1,18,62,68,68,68,68,68,68,68,68,68,68,68,68
0,1,14,44,67,90,91,92,93,123,161,180,181,182,183,184
0,1,10,40,79,135,148,149,150,151,152,153,154,155,156,291
0,1,14,60,90,128,166,221,225,226,227,228,229,243,288,361
0,2,14,39,81,83,83,83,83,83,83,83,83,83,83,83
0,1,12,19,20,21,22,23,24,25,26,27,28,49,50,51
0,1,14,38,75,125,149,150,151,152,153,154,215,215,215,215
0,1,14,48,90,121,171,201,201,201,201,201,201,201,201,201
0,1,9,34,102,173,210,245,246,247,248,249,250,251,252,253
0,1,14,38,85,118,145,185,192,193,194,195,196,299,299,299
0,1,12,56,92,126,176,207,215,216,217,218,219,220,221,516
0,1,15,49,81,124,130,131,132,133,134,135,258,294,302,303
0,1,3,4,5,6,7,8,9,10,11,12,13,14,53,89
0,1,10,36,101,115,116,117,118,139,140,167,190,190,190,190
0,1,16,51,60,60,60,60,60,60,60,60,60,60,60,60
0,1,2,3,4,5,6,7,8,9,10,30,31,32,33,34
0,1,10,46,86,137,160,161,162,193,194,195,196,197,198,199
0,1,13,52,67,68,122,123,124,125,126,127,128,135,136,171
0,1,14,76,112,138,187,191,192,193,194,195,247,372,411,435
0,1,11,53,81,105,139,162,177,178,179,180,242,243,244,265
0,1,12,43,43,43,43,43,43,43,43,43,43,43,43,43
0,1,12,45,76,125,161,163,164,169,196,232,272,290,291,292
0,1,11,54,98,130,134,146,166,167,180,180,180,180,180,180
0,1,10,11,12,13,14,15,16,17,18,19,20,21,22,23
0,1,12,37,68,69,70,71,72,111,111,111,111,111,111,111
0,1,15,61,78,79,80,81,82,83,84,85,86,87,88,89
0,1,16,45,85,117,149,164,165,166,167,168,169,191,201,202
0,1,15,47,93,117,118,119,120,121,122,123,124,125,126,127
0,1,23,56,93,134,173,199,202,203,204,205,206,207,208,209
0,1,16,41,76,104,138,189,216,220,220,220,220,220,220,220
0,1,22,53,79,119,155,194,226,227,228,229,327,327,327,327
0,1,11,39,76,79,80,81,82,83,84,85,86,87,121,162
0,1,18,52,103,141,150,151,152,153,154,155,156,157,158,159
0,1,13,44,45,46,47,48,49,50,51,52,53,54,78,122
0,1,10,39,68,96,96,96,96,96,96,96,96,96,96,96
0,1,12,30,31,32,33,83,83,83,83,83,83,83,83,83
0,1,15,41,42,43,44,45,46,47,103,174,207,241,270,271
0,1,11,62,94,109,110,111,112,113,114,115,116,117,118,119
0,1,13,43,89,136,182,183,184,185,186,187,188,189,190,244
0,1,13,33,34,35,36,37,38,39,40,41,42,43,44,45
0,1,25,64,87,88,89,179,179,179,179,179,179,179,179,179
0,1,12,46,75,75,75,75,75,75,75,75,75,75,75,75
0,1,12,47,77,141,142,143,144,145,146,147,148,149,150,286
0,1,11,47,80,134,157,158,159,160,161,162,163,164,200,201
0,1,15,58,79,79,79,79,79,79,79,79,79,79,79,79
0,1,20,53,64,64,64,64,64,64,64,64,64,64,64,64
0,1,11,50,83,116,157,187,188,189,296,297,298,299,300,451
0,1,11,55,82,103,103,103,103,103,103,103,103,103,103,103
0,1,10,37,68,88,89,90,91,143,143,143,143,143,143,143
0,1,11,39,89,112,113,114,115,116,117,118,119,120,121,122
0,1,13,34,35,36,37,38,39,40,41,135,135,135,135,135
0,1,2,3,4,5,6,7,8,9,10,11,12,13,14,258
0,1,9,31,31,31,31,31,31,31,31,31,31,31,31,31
0,1,16,39,67,130,160,211,243,269,269,269,269,269,269,269
0,1,20,71,99,133,198,207,208,209,210,211,212,213,279,332
0,1,13,46,80,82,82,82,82,82,82,82,82,82,82,82
0,1,3,4,5,6,7,8,9,10,11,12,44,97,176,204
0,1,10,24,25,26,27,28,29,30,31,32,33,68,68,68
0,1,16,51,83,117,152,161,162,163,164,168,216,258,259,263
0,1,13,45,86,98,99,100,101,102,103,104,105,106,107,109
0,1,10,38,77,115,121,122,123,124,125,126,127,128,129,184
0,1,8,53,93,122,148,187,188,189,190,191,192,237,237,237
0,1,12,53,117,151,169,169,169,169,169,169,169,169,169,169
0,1,7,47,71,110,140,181,215,216,217,218,219,220,221,222
0,1,12,19,20,21,22,23,24,25,26,27,28,99,132,143
0,1,10,16,17,18,19,20,21,22,23,24,25,26,250,251
0,1,19,32,33,34,35,36,37,38,39,40,241,251,295,295
0,1,21,56,57,58,59,60,61,62,63,64,65,65,65,65
0,1,18,65,123,181,222,232,233,234,235,236,246,268,269,295
0,1,13,43,68,94,95,96,97,98,99,153,217,255,285,285
0,1,11,34,35,36,37,67,118,142,143,144,145,146,147,195
0,1,11,49,83,93,94,95,96,97,98,99,100,101,248,248
0,2,16,64,106,137,137,137,137,137,137,137,137,137,137,137
0,1,17,45,77,96,97,98,99,100,101,102,103,104,122,123
0,1,20,22,23,24,25,26,27,28,29,30,31,32,33,49
0,1,13,58,86,155,179,179,179,179,179,179,179,179,179,179
0,2,16,57,98,158,189,236,276,299,338,355,355,355,355,355
0,1,11,40,74,115,136,137,138,139,140,141,142,143,169,213
0,1,14,43,72,76,77,78,79,80,81,93,94,95,154,154
0,1,14,41,64,125,164,212,236,237,238,239,240,241,274,304
0,1,8,98,127,231,274,301,302,303,304,305,306,310,317,317
0,1,9,67,91,92,93,94,95,96,97,98,99,100,101,168
0,1,10,37,69,96,116,167,200,200,200,200,200,200,200,200
0,1,12,43,82,127,128,129,130,131,132,133,134,135,262,262
0,1,19,44,51,52,53,54,80,116,162,186,187,188,213,249
0,1,12,42,94,141,166,167,168,169,170,192,193,194,371,372
0,1,27,72,102,140,195,236,275,308,342,373,388,388,388,388
0,1,12,54,94,131,175,222,247,263,264,265,285,296,296,296
0,1,9,51,100,121,122,123,124,125,126,127,128,129,377,403
0,1,20,45,73,125,165,224,257,305,306,315,339,364,378,378
0,1,11,14,15,16,17,18,19,20,111,112,113,193,194,195
0,1,13,43,85,124,160,202,287,288,289,290,291,292,440,447
0,1,17,55,91,124,147,148,149,150,151,152,153,185,217,219
0,1,18,64,114,155,195,244,254,255,259,260,261,262,263,264
0,1,20,67,99,114,114,114,114,114,114,114,114,114,114,114
0,1,11,41,75,113,149,150,151,152,153,154,155,156,157,158
0,1,15,40,75,117,151,183,222,261,285,285,285,285,285,285
0,1,12,40,80,88,89,90,91,92,93,94,95,96,244,244
0,1,18,51,87,100,101,102,107,220,221,223,251,299,338,372
0,1,11,35,90,92,93,94,95,96,97,98,99,100,101,101
0,1,9,51,64,64,64,64,64,64,64,64,64,64,64,64
0,1,15,53,99,121,122,123,124,125,126,127,128,129,323,323
0,1,14,47,65,65,65,65,65,65,65,65,65,65,65,65
0,1,8,51,81,118,147,183,184,195,196,197,200,201,202,203
0,1,11,43,72,83,84,85,86,87,88,89,139,175,204,205
0,1,13,47,99,141,175,230,260,280,281,282,283,295,315,355
0,1,9,49,60,61,62,63,64,65,66,67,155,180,211,211
0,1,12,47,67,108,145,180,181,182,183,184,185,186,187,200
0,1,18,62,106,144,162,163,167,190,191,192,193,194,221,222
0,1,13,35,81,113,143,145,146,147,148,149,150,151,152,177
0,1,13,55,83,122,130,131,132,133,134,135,136,137,138,154
0,1,9,39,73,113,160,207,222,223,224,225,226,227,228,232
0,1,17,55,84,115,146,196,217,218,219,220,221,361,362,363
0,1,13,44,99,133,167,202,203,215,249,277,278,279,321,321
0,1,13,24,25,26,27,28,29,30,31,32,33,114,115,116
0,1,10,47,75,111,147,179,180,181,181,181,181,181,181,181
0,1,12,46,79,129,174,174,174,174,174,174,174,174,174,174
0,1,15,42,89,123,171,206,247,248,249,250,269,270,271,297
0,1,10,19,20,21,22,23,24,25,26,27,28,29,30,31
0,1,17,52,93,134,183,228,259,287,306,306,306,306,306,306
0,1,9,64,148,192,204,205,206,318,327,328,329,341,348,348
0,1,7,8,9,10,11,12,13,14,15,16,17,18,96,97
0,1,21,56,76,77,78,79,80,81,82,83,266,267,281,433
0,1,15,46,84,114,134,182,230,230,230,230,230,230,230,230
0,1,2,3,4,5,6,7,8,9,10,62,118,160,189,228
0,1,15,47,105,132,137,138,139,140,170,200,236,246,247,306
0,1,12,52,83,111,144,148,149,150,151,152,153,154,155,157
0,1,13,37,72,80,81,82,83,84,85,86,87,135,135,135
0,1,11,40,92,95,96,97,98,99,100,127,158,196,235,249
0,1,13,19,20,21,22,23,24,25,26,27,28,29,30,439
0,1,20,43,77,109,132,133,134,135,222,223,237,257,293,307
0,1,11,46,91,130,134,135,136,137,138,139,140,141,142,143
0,1,12,43,81,125,164,189,190,236,236,236,236,236,236,236
0,1,11,37,74,102,146,209,222,222,222,222,222,222,222,222
0,1,13,59,113,145,146,147,148,149,150,151,152,153,154,155
0,1,13,47,87,111,140,160,161,162,163,164,165,166,167,168
0,1,13,48,113,143,169,171,172,173,174,175,176,177,178,195
0,1,11,45,50,51,52,53,75,76,77,78,79,80,154,224
0,1,17,53,106,111,111,111,111,111,111,111,111,111,111,111
0,1,16,48,85,99,100,101,102,103,104,105,106,350,351,361
0,1,17,51,96,116,130,143,144,145,146,147,148,149,150,151
0,1,14,35,36,37,38,39,40,41,42,43,44,45,276,276
0,1,18,47,98,140,145,145,145,145,145,145,145,145,145,145
0,1,10,38,76,94,95,96,97,98,99,100,101,102,103,134
0,1,14,22,23,24,25,26,27,28,29,30,31,32,33,34
0,1,16,22,23,24,25,26,27,28,29,30,31,32,33,34
0,1,7,45,96,177,208,238,268,282,282,282,282,282,282,282
0,1,12,21,22,23,24,25,69,161,203,217,217,217,217,217
0,1,8,41,71,116,117,118,119,120,121,122,123,124,125,140
0,1,13,41,46,47,48,48,48,48,48,48,48,48,48,48
0,1,11,58,93,121,156,193,234,288,315,316,317,318,319,356
0,1,11,57,90,123,155,201,220,221,222,223,224,304,305,338
0,1,15,38,61,112,132,136,137,138,139,207,208,222,282,336
0,1,12,45,86,144,173,177,177,177,177,177,177,177,177,177
0,1,12,38,72,73,74,75,76,77,78,79,96,191,219,262
0,1,16,51,80,116,161,188,208,209,210,291,292,293,294,423
0,1,16,63,92,124,177,208,243,266,267,340,365,366,367,418
0,1,11,50,94,132,166,207,236,268,297,304,305,306,307,369
0,1,12,44,108,152,195,230,268,297,298,299,300,301,302,353
0,1,10,46,78,120,158,207,219,220,221,222,223,224,274,275
0,1,9,35,54,54,54,54,54,54,54,54,54,54,54,54
0,1,8,9,10,11,12,13,14,15,16,17,18,19,194,237
0,1,17,50,104,105,106,107,108,109,110,226,254,255,256,257
0,1,14,50,80,110,130,131,132,133,134,135,136,137,138,217
0,1,9,10,11,12,13,14,15,16,17,18,19,20,31,80
0,1,13,47,72,109,118,119,120,121,122,169,169,169,169,169
0,1,11,39,72,73,74,75,76,77,78,79,148,175,204,205
0,1,12,38,73,99,139,139,139,139,139,139,139,139,139,139
0,1,21,58,84,121,179,218,237,237,237,237,237,237,237,237
0,1,12,13,14,15,16,17,18,66,119,133,133,133,133,133
0,1,18,49,81,106,138,139,140,141,263,264,265,266,276,277
0,1,13,51,113,114,115,134,134,134,134,134,134,134,134,134
0,1,10,40,78,81,127,127,127,127,127,127,127,127,127,127
0,1,12,43,93,125,175,213,264,264,264,264,264,264,264,264
0,1,18,77,121,122,123,124,125,126,127,134,135,192,193,194
0,1,10,66,116,146,214,245,275,276,277,278,406,423,424,436
0,1,10,39,87,119,155,160,161,162,192,219,269,303,335,368
0,1,11,61,105,156,195,231,232,233,234,368,369,370,371,372
0,1,11,52,96,154,180,181,182,183,184,185,186,187,188,343
0,1,13,52,78,119,145,145,145,145,145,145,145,145,145,145
0,1,12,35,36,37,38,39,40,41,90,170,170,170,170,170
0,1,12,50,75,104,137,151,152,153,154,155,156,157,359,510
0,1,10,29,30,31,32,33,34,35,36,37,38,81,81,81
0,1,13,42,82,130,166,194,194,194,194,194,194,194,194,194
0,1,13,49,85,142,172,199,221,222,223,224,225,226,228,228
0,1,10,43,66,99,100,100,100,100,100,100,100,100,100,100
0,1,15,60,68,68,68,68,68,68,68,68,68,68,68,68
0,1,13,39,71,115,119,120,129,172,179,179,179,179,179,179
0,1,16,51,81,108,144,189,235,275,310,330,330,330,330,330
0,1,12,44,88,109,139,187,195,196,197,198,199,200,201,202
0,1,12,42,71,101,117,118,119,120,121,122,123,131,131,131
0,1,15,57,85,86,87,88,89,90,91,92,93,94,95,119
0,1,9,10,11,12,13,18,20,21,22,23,24,25,129,147
0,1,13,51,86,129,154,179,212,234,234,234,234,234,234,234
0,1,19,42,91,125,153,153,153,153,153,153,153,153,153,153
0,1,14,51,87,133,165,203,242,243,281,299,300,301,302,303
0,1,13,51,80,113,131,131,131,131,131,131,131,131,131,131
0,1,13,43,109,166,204,232,233,234,235,236,237,238,239,243
0,1,19,62,102,139,207,232,246,246,246,246,246,246,246,246
0,1,2,3,4,5,6,7,8,9,10,11,12,13,14,21
0,1,16,52,84,118,140,160,174,267,304,314,315,316,317,343
0,1,2,3,4,5,6,7,8,35,76,77,78,79,134,134
0,1,12,50,94,97,98,99,100,101,102,129,129,129,129,129
0,1,16,48,49,49,49,49,49,49,49,49,49,49,49,49
0,1,17,41,66,96,97,98,99,100,101,102,103,104,105,106
0,1,12,63,102,137,162,199,242,243,244,245,250,291,325,325
0,1,14,55,82,126,134,135,136,137,138,139,140,141,142,261
0,1,11,40,75,112,135,135,135,135,135,135,135,135,135,135
0,1,15,57,101,136,190,205,206,207,208,209,210,211,212,260
0,1,11,36,64,126,162,162,162,162,162,162,162,162,162,162
0,1,12,47,47,47,47,47,47,47,47,47,47,47,47,47
0,1,16,43,66,89,105,106,107,108,109,110,111,112,166,195
0,1,14,99,132,161,190,190,190,190,190,190,190,190,190,190
0,1,13,46,50,51,52,53,54,55,56,57,58,59,92,152
0,1,21,77,103,129,130,131,132,133,134,135,136,137,138,139
0,1,16,31,31,31,31,31,31,31,31,31,31,31,31,31
0,1,11,48,76,98,99,100,101,102,103,104,105,106,107,108
0,1,10,49,72,88,88,88,88,88,88,88,88,88,88,88
0,1,18,90,135,163,191,191,191,191,191,191,191,191,191,191
0,1,14,45,101,151,152,153,154,155,156,157,158,159,160,161
0,1,16,17,18,19,117,191,227,228,228,228,228,228,228,228
0,1,12,49,84,121,121,121,121,121,121,121,121,121,121,121
0,1,19,80,109,135,136,137,138,139,140,141,142,143,232,232
0,1,10,41,77,111,151,206,248,248,248,248,248,248,248,248
0,1,24,65,112,141,171,220,261,302,359,404,441,469,517,527
0,1,11,36,75,83,84,85,86,87,88,89,194,195,196,197
0,1,9,10,11,12,13,14,15,16,173,174,175,176,346,346
0,1,13,49,90,130,151,152,153,154,155,156,157,227,265,266
0,1,21,48,74,112,148,189,201,202,236,291,292,293,329,376
0,1,15,47,72,73,74,75,76,77,78,79,80,81,82,83
0,1,14,44,88,115,146,167,214,230,231,232,233,234,235,236
0,1,12,45,70,142,157,158,172,172,172,172,172,172,172,172
0,1,14,60,90,112,152,173,202,202,202,202,202,202,202,202
0,1,2,2,2,2,2,2,2,2,2,2,2,2,2,2
0,1,10,15,16,17,18,19,20,21,22,23,24,25,26,27
0,1,10,47,90,92,93,94,95,96,97,98,99,100,170,170
0,1,12,62,92,134,182,224,230,231,232,233,234,285,286,296
0,1,19,51,95,151,185,208,209,226,226,226,226,226,226,226
0,1,10,19,20,21,22,23,24,25,26,27,28,29,30,204
0,1,8,48,73,106,116,138,138,138,138,138,138,138,138,138
0,1,15,35,72,98,106,107,108,109,110,111,112,113,114,155
0,1,11,48,49,50,51,131,132,133,134,135,136,137,138,139
0,1,10,48,74,123,154,184,184,184,184,184,184,184,184,184
0,1,17,53,91,130,155,182,183,184,185,186,187,188,189,190
0,1,10,44,56,57,58,59,60,61,62,63,64,73,73,73
0,1,15,73,91,92,132,133,140,180,191,192,193,194,195,196
0,1,10,45,72,73,74,75,76,77,78,79,80,85,151,201
0,1,10,53,88,114,132,133,134,135,136,137,138,139,140,140
0,1,9,36,96,142,173,207,245,305,338,339,340,341,486,487
0,1,4,5,6,7,8,9,10,11,12,13,14,15,58,89
0,1,12,52,87,92,92,92,92,92,92,92,92,92,92,92
0,1,10,37,75,108,175,203,203,203,203,203,203,203,203,203
0,1,12,41,48,48,48,48,48,48,48,48,48,48,48,48
0,1,19,44,76,77,78,79,80,81,82,83,180,180,180,180
0,1,16,48,78,91,92,93,94,94,94,94,94,94,94,94
0,1,6,7,8,9,10,11,12,153,154,155,156,157,158,191
0,1,15,39,103,145,153,154,155,156,157,158,159,160,179,238
0,1,10,49,66,67,68,69,70,71,72,73,74,75,76,115
0,1,12,43,98,126,127,128,129,130,131,132,133,264,264,264
0,1,12,67,161,217,251,274,305,306,307,308,321,330,382,428
0,1,12,13,14,15,16,204,238,247,248,249,250,339,339,339
0,1,10,32,74,84,85,86,87,88,89,90,91,92,93,94
0,1,14,40,100,115,116,117,118,119,120,121,122,123,222,222
0,1,10,43,84,116,116,116,116,116,116,116,116,116,116,116
0,1,14,49,82,92,93,94,95,96,97,98,99,100,131,163
0,1,13,45,75,109,173,208,209,209,209,209,209,209,209,209
0,1,2,3,4,5,6,7,8,9,10,11,12,250,251,325
0,1,14,44,77,114,145,146,147,148,149,150,151,152,153,154
0,1,13,34,35,36,37,38,39,40,41,42,43,44,45,46
0,1,12,13,14,15,67,100,101,102,103,104,105,106,107,108
0,1,31,67,112,137,148,149,150,151,152,153,154,155,156,157
0,1,19,64,95,96,97,98,99,100,101,102,103,198,199,216
0,1,16,51,123,157,183,223,228,229,230,252,253,337,338,339
0,1,14,36,58,93,120,153,164,164,164,164,164,164,164,164
0,1,9,36,84,123,139,139,139,139,139,139,139,139,139,139
0,1,14,57,107,147,178,232,261,275,276,277,278,279,280,281
0,1,11,48,58,59,60,61,62,63,64,65,66,67,68,74
0,1,12,41,79,86,87,88,89,90,91,92,93,94,217,217
0,1,11,43,66,103,140,178,216,239,239,239,239,239,239,239
0,1,11,40,84,114,156,197,224,225,254,254,254,254,254,254
0,1,8,41,100,101,102,103,104,105,167,202,203,204,205,308
0,1,13,55,72,73,74,86,167,167,167,167,167,167,167,167
0,1,14,51,97,116,117,219,257,273,273,273,273,273,273,273
0,1,15,52,71,72,73,74,75,76,77,78,269,269,269,269
0,1,11,42,72,73,74,75,75,75,75,75,75,75,75,75
0,1,9,49,89,120,155,211,246,275,306,317,317,317,317,317
0,1,16,39,73,138,182,188,189,190,191,192,193,194,275,329
0,1,19,63,97,141,192,230,231,232,233,234,235,251,256,256
0,1,13,52,78,122,156,189,222,255,256,257,258,259,260,261
0,1,8,48,86,125,166,209,210,211,212,213,214,215,216,226
0,1,17,58,92,112,113,114,115,116,117,118,119,120,121,151
0,1,12,40,68,100,128,160,164,165,166,167,168,169,170,171
0,1,10,34,75,94,95,96,97,98,99,102,102,102,102,102
0,1,14,40,46,47,48,49,50,51,52,53,54,55,56,57
0,1,10,37,38,39,40,41,42,43,44,45,46,57,90,149
0,1,15,41,76,105,106,107,108,109,110,111,112,113,114,115
0,1,11,47,82,91,92,93,94,95,96,97,98,99,100,101
0,1,12,52,65,66,67,68,100,115,115,115,115,115,115,115
0,1,17,47,75,103,133,211,212,244,245,246,247,248,249,250
0,1,14,39,83,105,105,105,105,105,105,105,105,105,105,105
0,1,8,34,66,144,148,149,150,151,152,153,154,155,169,192
0,1,6,6,6,6,6,6,6,6,6,6,6,6,6,6
0,1,11,45,75,120,174,233,234,235,236,237,238,239,240,252
0,1,13,45,79,121,154,183,207,208,209,237,238,238,238,238
0,1,11,37,71,72,73,74,75,76,77,78,79,80,81,117
0,1,10,46,53,54,55,56,57,58,59,60,61,109,165,166
0,1,15,41,103,160,183,184,185,186,187,188,189,200,257,294
0,1,14,49,89,89,89,89,89,89,89,89,89,89,89,89
0,1,10,41,74,106,122,123,124,144,145,146,147,175,176,177
0,1,13,37,38,39,40,41,42,146,147,148,149,150,242,262
0,2,11,47,82,106,107,108,109,110,111,112,126,161,177,201
0,1,16,46,47,48,49,91,92,93,94,95,96,97,98,99
0,1,19,58,72,73,74,75,76,77,141,142,253,254,257,258
0,1,14,64,117,169,209,255,293,319,319,319,319,319,319,319
0,1,19,55,103,139,174,199,228,259,259,259,259,259,259,259
0,1,14,46,74,86,87,88,89,90,91,92,93,94,95,379
0,1,10,63,78,79,126,133,134,135,136,137,138,139,140,141
0,1,16,54,93,137,176,211,257,283,285,286,324,329,329,329
0,1,14,57,91,122,123,124,125,126,127,128,129,130,131,138
0,1,29,75,113,163,190,195,195,195,195,195,195,195,195,195
0,1,10,11,12,13,14,15,16,17,18,19,20,21,22,23
0,1,5,6,7,8,9,10,11,12,13,79,132,158,158,158
0,1,18,22,23,24,25,26,27,120,121,122,123,124,173,224
0,1,19,64,95,96,97,98,99,100,101,102,103,244,244,244
0,1,15,64,100,137,175,202,203,204,205,206,222,256,310,313
0,1,20,63,108,142,146,147,148,149,150,262,277,278,279,280
0,1,12,45,60,61,62,63,64,65,66,67,68,69,69,69
0,1,16,43,74,117,130,130,130,130,130,130,130,130,130,130
0,1,23,56,92,92,92,92,92,92,92,92,92,92,92,92
0,1,17,55,87,105,105,105,105,105,105,105,105,105,105,105
0,1,10,40,70,124,149,170,171,172,173,174,175,176,177,286
0,1,14,48,86,121,154,200,232,232,232,232,232,232,232,232
0,1,15,61,62,63,64,181,182,183,184,185,186,187,228,228
0,1,13,32,33,34,35,36,37,38,39,40,41,42,114,114
0,1,13,42,70,86,87,88,89,90,91,92,93,94,95,96
0,1,16,44,84,86,87,88,89,90,115,166,167,168,169,179
0,1,11,12,13,14,15,56,57,58,59,60,61,62,63,98
0,1,16,68,109,137,195,229,236,237,238,239,240,241,241,241
0,1,12,48,94,107,108,109,110,160,160,160,160,160,160,160
0,1,12,40,49,50,51,52,53,54,55,56,57,58,59,74
0,1,10,34,57,57,57,57,57,57,57,57,57,57,57,57
0,1,16,44,86,126,127,128,129,130,131,220,262,291,291,291
0,1,25,53,114,149,174,215,265,285,316,356,362,362,362,362
0,1,12,42,59,60,61,62,63,64,65,66,67,68,69,70
0,1,14,57,99,110,110,110,110,110,110,110,110,110,110,110
0,1,14,33,34,35,36,37,38,39,40,41,107,108,109,110
0,1,20,57,101,140,170,171,172,173,174,175,176,177,178,186
0,1,13,61,124,153,185,223,233,234,337,368,413,414,427,428
0,1,13,51,82,105,165,203,221,222,223,224,225,282,282,282
0,1,21,65,96,171,204,228,228,228,228,228,228,228,228,228
0,1,16,44,83,87,87,87,87,87,87,87,87,87,87,87
0,1,12,46,72,108,151,152,153,154,155,156,157,278,278,278
0,1,12,48,73,74,75,76,77,78,87,175,176,177,178,179
0,1,13,45,80,81,82,83,84,85,86,87,88,89,132,165
0,1,11,34,70,71,72,73,74,75,76,89,126,200,200,200
0,1,12,51,92,109,110,111,112,113,114,115,116,117,118,119
0,1,17,52,80,86,87,88,89,90,91,92,280,281,287,321
0,1,17,59,92,132,133,134,135,136,137,138,139,145,258,258
0,1,15,48,75,102,125,165,201,202,203,231,232,233,234,235
0,1,19,56,113,152,165,166,167,168,169,170,171,172,204,234
0,1,15,41,42,43,44,45,52,69,89,161,197,274,283,284
0,1,20,48,94,132,157,191,198,199,200,201,202,203,254,254
0,1,12,47,85,143,180,241,329,330,331,332,333,334,363,364
0,1,13,40,51,51,51,51,51,51,51,51,51,51,51,51
0,1,14,54,80,114,146,183,242,254,255,256,257,258,283,289
0,1,14,58,95,100,101,102,103,104,105,106,107,108,432,433
0,1,14,57,58,59,60,61,114,138,139,140,167,198,242,243
0,1,11,41,72,116,154,178,193,194,195,196,197,198,225,225
0,1,15,38,75,111,112,113,114,115,116,174,175,227,228,229
0,1,10,48,68,69,70,71,72,73,158,158,158,158,158,158
0,1,12,62,92,144,155,156,157,158,159,160,161,162,234,234
0,1,12,69,104,116,117,118,119,120,121,176,217,217,217,217
0,1,10,38,79,110,140,168,169,170,171,172,173,174,175,238
0,1,9,50,81,125,126,127,128,129,130,131,132,133,157,188
0,1,10,11,12,13,15,86,89,89,89,89,89,89,89,89
0,1,15,40,82,121,149,150,151,152,153,166,167,216,218,218
0,1,13,49,90,135,178,186,187,188,189,190,191,200,240,241
0,1,12,48,116,157,201,256,279,315,327,328,329,360,385,386
0,1,20,40,74,75,76,77,87,88,89,90,256,257,258,260
0,1,16,52,79,102,170,205,248,297,334,360,381,381,381,381
0,1,14,46,72,125,139,139,139,139,139,139,139,139,139,139
0,1,14,85,135,135,135,135,135,135,135,135,135,135,135,135
0,1,11,45,86,116,119,120,137,180,207,246,246,246,246,246
0,1,11,42,82,116,166,185,186,187,188,189,190,191,192,193
0,1,10,43,85,116,158,194,233,234,235,236,237,238,239,302
0,1,14,55,87,119,140,141,142,143,144,145,146,147,148,246
0,1,10,42,63,64,65,66,67,68,69,151,445,479,517,517
0,1,16,36,91,119,122,136,190,192,193,194,195,196,197,198
0,1,42,85,119,148,190,232,233,234,235,292,292,292,292,292
0,1,13,52,58,59,60,61,62,63,64,65,66,67,93,132
0,1,13,41,79,79,79,79,79,79,79,79,79,79,79,79
0,1,18,91,109,110,111,112,113,114,115,116,117,118,119,123
0,1,12,42,76,87,88,89,90,91,92,257,288,289,314,314
0,1,8,66,72,73,74,75,76,77,78,79,80,179,179,179
0,1,11,35,62,62,62,62,62,62,62,62,62,62,62,62
0,1,13,50,70,100,101,102,103,104,105,106,107,108,109,119
0,1,12,60,109,110,111,112,113,114,115,116,117,118,119,480
0,1,13,59,99,124,166,175,250,288,291,292,293,294,341,341
0,1,14,39,79,80,81,82,83,84,85,86,87,88,89,121
0,1,15,46,75,109,118,119,120,121,122,123,124,125,147,186
0,1,17,42,88,126,183,240,241,242,243,244,245,246,247,252
0,1,14,45,79,106,131,170,194,195,196,197,198,199,288,289
0,1,10,12,13,14,15,16,17,18,19,20,21,22,23,64
0,1,18,47,68,103,151,183,238,239,240,241,301,302,303,304
0,1,12,43,71,72,73,74,75,87,115,144,154,155,156,157
0,1,12,33,65,101,132,164,192,193,194,195,196,213,213,213
0,1,16,48,96,126,181,184,185,186,187,188,189,190,191,275
0,1,13,50,64,65,66,67,68,69,175,176,177,178,179,282
0,1,10,53,103,152,164,164,164,164,164,164,164,164,164,164
0,1,13,51,85,132,138,139,140,141,142,143,144,182,208,252
0,1,14,51,87,112,145,146,147,148,149,150,151,152,153,211
0,1,16,43,73,110,129,130,131,132,133,134,135,136,137,138
0,1,13,36,77,135,169,201,202,203,204,205,206,207,208,209
0,1,10,63,101,130,154,155,156,156,156,156,156,156,156,156
0,1,10,72,107,131,131,131,131,131,131,131,131,131,131,131
0,1,2,3,4,5,6,7,8,9,10,11,13,53,85,123
0,1,19,57,79,118,163,207,247,282,285,290,315,316,317,381
0,1,12,41,73,106,161,162,163,164,165,186,187,188,189,255
0,1,12,26,27,28,29,30,31,32,40,78,125,164,226,251
0,1,10,56,97,141,160,160,160,160,160,160,160,160,160,160
0,1,12,48,77,121,147,195,212,213,250,266,267,268,269,278
0,1,13,63,69,70,71,72,73,74,75,76,84,135,171,212
0,1,12,41,71,112,131,132,133,134,135,136,137,138,139,159
0,1,11,48,79,131,174,202,224,248,285,299,315,360,361,362
0,1,12,40,78,116,123,124,125,126,156,157,203,254,321,346
0,1,16,68,70,71,72,73,74,75,76,77,78,79,80,81
0,1,15,50,73,108,140,165,192,235,261,261,261,261,261,261
0,1,16,49,88,121,179,224,251,293,303,338,339,340,341,342
0,1,19,49,90,116,120,121,122,123,132,153,154,155,168,194
0,1,9,10,11,12,13,14,15,16,17,18,19,20,59,59
0,1,13,37,79,125,157,192,275,312,373,424,447,448,474,485
0,1,13,45,69,115,149,208,243,244,245,246,247,247,247,247
0,1,9,36,71,125,128,129,130,131,132,133,134,135,136,137
0,1,11,42,62,63,64,65,66,67,68,138,187,228,291,340
0,1,11,41,72,95,128,159,203,230,242,242,242,242,242,242
0,1,12,56,130,160,164,164,164,164,164,164,164,164,164,164
0,1,13,44,74,104,122,122,122,122,122,122,122,122,122,122
0,1,12,43,94,115,116,117,118,119,120,129,221,242,243,244
0,1,8,9,10,11,12,13,14,15,16,20,66,93,99,100
0,1,13,57,58,59,60,61,62,63,64,65,66,67,68,69
0,1,16,53,93,134,154,196,225,295,332,358,368,373,374,386
0,1,13,49,77,121,157,162,163,164,165,166,167,183,184,185
0,1,8,47,86,125,164,193,236,247,248,249,250,251,252,253
0,1,13,52,96,135,166,205,206,207,208,228,262,270,276,277
0,1,12,34,35,36,37,38,39,40,41,42,52,67,68,69
0,1,10,39,49,50,51,52,53,54,55,56,57,58,59,60
0,1,13,58,96,146,196,211,212,213,214,215,216,282,282,282
0,1,10,50,91,107,108,109,118,118,118,118,118,118,118,118
0,1,21,63,105,150,160,161,162,214,227,227,227,227,227,227
0,1,15,47,77,103,124,124,124,124,124,124,124,124,124,124
0,1,2,3,4,5,6,7,8,9,10,11,12,333,333,333
0,1,22,60,105,153,184,213,234,276,277,278,279,280,281,282
0,1,10,41,63,64,65,66,67,68,69,70,71,72,73,275
0,1,17,48,88,120,120,120,120,120,120,120,120,120,120,120
0,1,8,53,68,69,70,71,72,73,74,75,76,77,78,79
0,1,11,28,28,28,28,28,28,28,28,28,28,28,28,28
0,1,16,41,88,116,116,116,116,116,116,116,116,116,116,116
0,1,10,40,87,121,162,195,195,195,195,195,195,195,195,195
0,1,13,48,49,50,51,52,53,54,55,56,57,124,125,126
0,1,12,43,74,120,150,151,152,153,157,204,205,206,232,233
0,1,12,43,92,124,125,129,129,129,129,129,129,129,129,129
0,1,23,58,88,114,114,114,114,114,114,114,114,114,114,114
0,1,18,48,78,110,113,114,115,116,117,144,145,146,325,326
0,1,11,40,82,109,166,190,235,255,256,257,258,259,263,285
0,1,15,28,28,28,28,28,28,28,28,28,28,28,28,28
0,1,12,33,34,35,36,37,38,39,40,41,42,43,44,45
0,1,7,8,9,10,11,12,13,14,15,16,17,18,74,77
0,1,18,70,137,170,176,176,176,176,176,176,176,176,176,176
0,1,9,17,18,19,20,21,22,23,24,25,26,27,100,134
0,1,14,48,80,102,103,104,105,106,107,108,109,110,141,205
0,1,9,46,57,58,59,60,61,62,63,64,142,143,174,221
0,1,42,71,72,73,74,75,76,77,78,78,78,78,78,78
0,1,13,48,76,85,86,87,88,89,90,91,92,93,94,95
0,1,13,51,79,79,79,79,79,79,79,79,79,79,79,79
0,1,13,47,99,99,99,99,99,99,99,99,99,99,99,99
0,1,14,43,88,120,135,136,137,138,139,140,141,142,143,404
0,1,14,41,42,43,44,45,46,47,48,49,50,51,52,180
0,1,16,48,94,130,154,208,242,243,244,245,246,343,343,343
0,1,13,53,87,93,93,93,93,93,93,93,93,93,93,93
0,1,24,58,81,116,122,123,124,125,126,127,265,266,267,268
0,1,14,44,73,102,139,174,223,224,225,226,227,228,229,230
0,1,13,40,65,97,134,135,135,135,135,135,135,135,135,135
0,1,14,45,74,90,91,92,93,94,95,185,240,272,294,295
0,1,16,89,127,164,213,251,284,285,286,287,288,289,290,330
0,1,11,38,82,110,149,170,171,172,173,174,290,294,294,294
0,1,11,45,76,89,90,91,92,248,249,250,251,252,310,346
0,1,15,45,72,97,123,167,194,194,194,194,194,194,194,194
0,1,13,42,91,95,96,97,98,99,100,101,102,103,104,195
0,1,16,45,46,47,48,49,50,51,68,102,103,104,112,119
0,1,2,3,4,5,6,7,8,9,10,11,12,13,14,20
0,1,12,161,207,231,258,258,258,258,258,258,258,258,258,258
0,1,15,48,88,120,121,122,123,124,125,126,127,186,248,283
0,1,11,40,72,81,82,83,84,85,86,87,88,89,90,91
0,1,10,47,76,101,140,166,167,168,169,209,270,275,275,275
0,1,12,47,87,88,89,90,91,92,93,94,95,96,382,393
0,1,11,45,72,102,102,102,102,102,102,102,102,102,102,102
0,1,14,46,80,113,133,180,181,182,183,184,185,186,187,188
0,1,12,52,84,127,166,201,202,203,248,306,334,342,342,342
0,1,10,44,48,92,109,110,111,112,131,164,195,199,199,199
0,1,11,50,73,110,110,110,110,110,110,110,110,110,110,110
0,1,13,39,79,110,185,186,187,188,189,190,191,192,217,217
0,1,14,38,57,58,59,60,61,62,63,64,65,66,156,156
0,1,14,41,83,157,190,235,255,256,257,258,259,260,261,262
0,1,13,68,91,92,93,94,95,96,97,98,123,159,224,269
0,1,10,37,75,117,145,218,251,313,322,323,324,325,326,327
0,1,12,35,63,96,130,131,132,146,170,170,170,170,170,170
0,1,15,42,86,120,121,122,123,124,125,126,127,128,161,162
0,1,15,58,93,119,155,187,229,230,231,232,233,234,235,238
0,1,16,18,19,20,21,22,23,24,43,102,129,129,129,129
0,1,15,46,68,69,70,75,118,149,172,173,174,175,176,177
0,1,14,38,85,101,102,103,157,158,159,160,161,162,163,164
0,1,14,53,93,128,129,130,131,132,133,134,135,136,167,202
0,1,16,52,78,84,85,86,87,88,127,175,253,253,253,253
0,1,16,37,61,106,107,108,109,110,111,112,113,114,129,129
0,1,11,40,59,94,95,96,97,98,99,100,101,102,103,104
0,1,21,50,89,120,162,189,225,254,277,278,279,280,281,368
0,1,19,53,85,118,153,167,168,169,170,171,225,233,234,235
0,1,9,48,98,133,171,196,197,198,202,217,218,232,233,241
0,1,10,46,73,107,151,175,176,177,178,179,180,273,274,297
0,1,9,36,68,69,70,71,72,73,74,179,179,179,179,179
0,1,13,41,48,49,50,51,52,53,54,55,56,308,309,310
0,1,10,40,73,133,175,179,180,181,182,183,273,273,273,273
0,1,13,42,71,106,139,140,141,142,143,144,145,168,219,257
0,1,11,15,16,17,18,19,20,21,22,23,118,119,120,121
0,1,12,41,68,102,139,157,158,177,178,185,235,235,235,235
0,1,15,59,107,163,195,252,252,252,252,252,252,252,252,252
0,1,9,44,72,125,146,189,213,214,215,358,359,360,361,415
0,1,9,62,89,134,167,171,172,173,174,175,176,177,215,254
0,1,15,47,89,135,176,198,221,240,240,240,240,240,240,240
0,1,2,3,4,5,6,7,47,48,49,50,51,52,53,145
0,1,14,48,99,141,173,190,190,190,190,190,190,190,190,190
0,1,21,50,80,120,146,166,167,168,169,170,171,172,224,224
0,1,14,45,94,143,174,201,201,201,201,201,201,201,201,201
0,1,16,44,82,122,151,183,218,244,264,264,264,264,264,264
0,1,12,44,64,65,66,67,68,69,70,71,72,73,74,125
0,1,18,57,96,147,173,173,173,173,173,173,173,173,173,173
0,1,15,43,86,115,143,168,195,207,208,209,210,211,212,213
0,1,12,52,53,54,55,56,57,58,59,60,61,62,63,64
0,1,13,40,83,94,134,162,167,168,169,170,171,172,173,389
0,1,10,32,65,93,148,178,201,223,255,256,257,258,259,260
0,1,14,41,92,150,178,179,180,181,182,183,184,185,185,185
0,1,10,44,75,104,136,168,192,192,192,192,192,192,192,192
0,1,12,42,71,112,143,174,236,262,280,301,302,307,307,307
0,1,13,46,85,105,106,107,108,109,110,111,112,133,140,140
0,1,13,45,69,83,84,85,86,87,88,89,90,91,155,156
0,1,8,49,78,119,161,189,219,233,234,235,236,237,238,239
0,1,12,52,106,140,182,216,243,244,245,246,247,248,453,453
0,1,13,51,84,111,133,134,135,136,137,138,139,140,141,355
0,1,14,40,41,42,43,44,45,46,47,48,199,199,199,199
0,1,18,63,68,69,70,71,72,73,74,75,76,77,78,79
0,1,11,58,82,105,154,166,167,178,179,180,181,182,183,184
0,1,10,42,75,135,188,220,245,255,298,299,300,301,440,440
0,1,25,59,108,160,183,184,185,186,194,194,194,194,194,194
0,1,8,61,98,102,102,102,102,102,102,102,102,102,102,102
0,1,14,44,86,99,100,101,102,103,104,105,106,107,108,127
0,1,15,33,34,35,36,37,38,39,40,41,255,256,257,258
0,1,14,59,106,119,119,119,119,119,119,119,119,119,119,119
0,1,12,38,39,40,41,42,43,44,45,46,47,119,119,119
0,1,10,38,63,64,65,75,102,103,104,105,147,148,149,179
0,1,9,10,11,12,13,14,15,16,84,121,144,161,161,161
0,1,17,31,32,33,34,35,36,37,38,57,58,59,59,59
0,1,9,47,50,51,52,53,54,55,56,57,58,180,180,180
0,1,11,42,91,117,159,197,204,205,206,207,208,209,210,211
0,1,12,49,88,119,140,140,140,140,140,140,140,140,140,140
0,1,11,45,115,145,172,188,189,190,191,192,193,194,223,270
0,1,14,43,86,112,151,195,196,197,198,199,200,201,202,203
0,1,8,48,82,125,133,133,133,133,133,133,133,133,133,133
0,1,12,64,88,89,90,91,92,93,94,95,96,97,98,99
0,1,17,42,81,166,193,201,202,203,204,205,223,223,223,223
0,1,13,53,74,75,76,115,115,115,115,115,115,115,115,115
0,1,14,41,84,167,212,239,240,241,242,243,276,307,312,312
0,1,10,50,127,168,169,170,171,172,173,174,175,176,177,178
0,1,14,45,78,123,143,182,183,184,185,235,236,237,240,277
0,1,13,55,75,76,77,78,79,80,81,82,86,118,142,208
0,1,18,43,79,135,137,138,139,140,141,142,143,144,145,165
0,1,2,3,4,5,6,7,8,8,8,8,8,8,8,8
0,1,14,50,73,102,156,156,156,156,156,156,156,156,156,156
0,1,14,41,88,119,147,182,182,182,182,182,182,182,182,182
0,1,13,41,69,97,119,120,121,122,123,124,235,235,235,235
0,1,11,41,43,43,43,43,43,43,43,43,43,43,43,43
0,1,20,47,93,135,147,148,149,150,151,152,153,154,155,156
0,1,15,41,42,43,44,45,46,47,48,49,50,51,52,53
0,1,12,43,89,137,153,154,155,156,157,166,222,251,313,340
0,1,13,52,77,103,139,166,166,166,166,166,166,166,166,166
0,1,16,17,18,19,20,21,22,23,24,25,26,27,241,283
0,1,7,68,104,152,191,219,240,241,242,243,272,273,274,312
0,1,13,43,87,141,164,165,166,167,168,187,204,204,204,204
0,1,2,3,4,5,6,7,8,20,20,20,20,20,20,20
0,1,14,53,94,147,183,219,252,252,252,252,252,252,252,252
0,1,11,45,77,78,185,224,250,250,250,250,250,250,250,250
0,1,13,58,113,155,175,177,178,179,180,181,182,183,184,188
0,1,13,44,45,46,47,48,49,50,51,52,53,54,55,258
0,1,11,50,78,104,105,106,107,108,109,110,111,137,182,207
0,1,9,47,59,60,61,62,63,64,65,66,67,68,69,79
0,1,9,45,91,125,134,135,136,137,138,139,140,148,175,224
0,1,16,28,29,30,31,32,33,34,40,78,78,78,78,78
0,1,13,47,47,47,47,47,47,47,47,47,47,47,47,47
0,1,2,3,4,5,6,7,8,21,51,52,53,69,69,69
0,1,15,45,92,113,114,115,116,152,153,154,155,156,358,394
0,1,16,41,74,102,103,104,105,106,107,108,109,113,113,113
0,1,9,33,78,113,143,182,221,238,239,240,241,242,243,244
0,1,15,51,97,104,105,106,107,108,109,110,111,123,124,266
0,1,9,45,84,95,96,101,136,140,141,142,143,193,227,228
0,1,16,41,83,84,85,86,87,88,89,90,91,92,93,119
0,1,16,43,75,130,155,166,167,168,169,170,171,172,173,174
0,1,18,53,76,131,134,135,136,137,183,214,215,216,217,218
0,1,12,38,76,77,78,79,80,81,82,83,84,85,88,122
0,1,14,43,89,115,155,170,171,172,173,181,206,207,208,209
0,1,17,37,76,104,105,106,107,108,109,110,133,136,137,138
0,1,12,49,55,56,57,58,59,60,61,94,191,191,191,191
0,1,10,42,86,117,147,186,216,216,216,216,216,216,216,216
0,1,12,38,65,92,93,94,95,96,97,98,114,114,114,114
0,1,13,61,98,135,151,152,153,154,155,156,157,158,190,211
0,1,11,67,92,137,180,218,239,240,241,242,243,244,245,246
0,1,16,71,122,157,169,170,171,172,173,174,432,432,432,432
0,1,16,27,28,29,30,31,32,33,34,35,36,37,38,39
0,1,11,26,27,28,29,30,31,32,33,34,155,156,157,158
0,1,11,38,39,40,41,42,43,44,45,46,47,48,299,362
0,1,16,26,26,26,26,26,26,26,26,26,26,26,26,26
0,1,9,54,82,118,148,158,158,158,158,158,158,158,158,158
0,1,11,44,69,112,147,190,209,209,209,209,209,209,209,209
0,1,13,37,62,108,145,203,253,284,318,319,320,321,322,422
0,1,19,63,96,125,152,164,165,166,167,168,207,296,302,302
0,1,15,43,88,94,94,94,94,94,94,94,94,94,94,94
0,1,9,36,64,83,84,85,86,87,88,89,90,91,408,458
0,1,10,56,81,108,109,110,111,112,113,114,115,116,117,118
0,1,24,44,77,121,133,134,135,136,137,138,139,140,141,142
0,1,30,54,88,89,90,91,92,93,94,95,96,97,98,215
0,1,11,39,65,102,149,160,161,162,163,164,165,166,190,218
0,1,9,40,78,142,174,175,176,177,178,185,186,187,188,189
0,1,13,43,72,110,151,185,215,216,217,218,267,268,302,350
0,1,14,47,70,113,142,183,195,196,197,198,199,200,201,203
0,1,16,17,18,19,149,150,151,210,211,212,213,214,368,412
0,1,11,39,73,135,157,158,159,160,161,162,169,204,208,276
0,1,15,62,109,136,146,147,148,149,150,151,152,153,154,213
0,1,11,67,95,120,120,120,120,120,120,120,120,120,120,120
0,1,14,40,42,43,44,45,46,47,48,82,116,156,188,238
0,1,9,27,28,29,30,31,213,240,248,259,283,293,297,356
0,1,20,49,81,114,115,116,183,209,210,211,234,235,273,275
0,1,25,55,99,99,99,99,99,99,99,99,99,99,99,99
0,1,14,19,20,21,22,23,24,25,26,27,28,29,30,45
0,1,10,41,82,100,101,102,103,104,105,106,107,108,111,163
0,1,18,57,107,138,162,191,216,251,311,311,311,311,311,311
0,1,12,41,69,77,78,79,80,81,82,184,260,261,262,263
0,1,9,39,63,71,72,73,74,75,119,120,121,122,123,124
0,1,12,46,82,121,158,158,158,158,158,158,158,158,158,158
0,1,15,36,37,38,39,40,41,42,143,152,152,152,152,152
0,1,11,46,81,87,88,89,90,91,92,93,94,95,96,97
0,1,13,42,44,45,46,47,48,249,250,251,252,282,282,282
0,1,14,39,78,112,120,121,122,123,124,125,126,127,128,129
0,1,11,37,73,100,122,123,124,125,126,127,128,157,157,157
0,1,13,18,19,20,21,22,23,24,25,26,27,28,29,171
0,1,10,36,64,88,89,90,91,92,93,117,159,193,193,193
0,1,10,40,41,42,43,44,45,46,47,81,119,182,215,216
0,1,14,53,85,129,160,234,249,250,251,252,266,308,335,344
0,1,1,1,1,1,1,1,1,1,1,1,1,1,1,1
0,1,16,18,19,20,21,22,23,24,25,162,162,162,162,162
0,1,15,55,56,57,58,59,60,61,62,63,157,157,157,157
0,1,15,49,90,104,105,106,107,108,109,110,111,112,113,114
0,1,11,41,66,67,68,69,70,71,72,73,74,74,74,74
0,1,11,44,106,121,122,123,124,125,126,127,128,129,136,191
0,1,12,49,50,51,57,90,91,92,93,94,110,133,150,151
0,1,18,54,84,95,96,97,98,99,100,336,337,338,339,347
0,1,14,30,31,32,33,85,110,149,190,238,253,253,253,253
0,1,17,44,72,111,136,149,150,151,199,199,199,199,199,199
0,1,10,46,47,48,49,50,113,122,123,124,125,126,127,231
0,1,16,47,70,78,78,78,78,78,78,78,78,78,78,78
0,1,12,51,54,55,56,57,58,59,60,61,68,99,156,190
0,1,14,54,98,103,104,105,106,107,196,196,196,196,196,196
0,1,14,44,79,108,143,167,189,190,191,192,193,194,195,196
0,1,11,43,79,120,155,156,157,158,159,160,161,162,163,163
0,1,19,49,88,134,162,215,216,217,218,219,220,221,222,223
0,1,9,36,82,115,160,195,225,270,270,270,270,270,270,270
0,1,13,33,33,33,33,33,33,33,33,33,33,33,33,33
0,1,22,60,96,123,125,125,125,125,125,125,125,125,125,125
0,1,9,10,11,12,13,14,15,43,79,80,102,127,160,160
0,1,12,46,83,112,149,185,206,232,243,243,243,243,243,243
0,1,13,58,92,143,186,216,236,237,238,239,240,272,309,363
0,1,15,43,85,123,150,180,213,214,215,216,248,249,250,251
0,1,9,35,60,104,136,178,216,216,216,216,216,216,216,216
0,1,12,50,74,84,85,86,87,88,153,196,213,269,286,329
0,1,21,50,85,114,135,136,137,138,139,140,141,142,143,151
0,1,18,48,68,68,68,68,68,68,68,68,68,68,68,68
0,1,13,40,49,50,103,104,105,106,107,108,109,110,111,112
0,1,10,34,61,106,131,170,201,205,206,207,208,209,227,262
0,1,10,38,41,42,43,44,45,46,67,136,170,201,226,270
0,1,14,39,77,116,134,135,136,137,138,139,140,140,140,140
0,1,12,42,80,116,116,116,116,116,116,116,116,116,116,116
0,1,11,31,32,68,69,70,71,72,73,74,90,136,174,223
0,1,12,46,81,85,86,87,88,89,90,91,92,93,94,249
0,1,13,40,71,123,160,186,216,224,242,284,293,293,293,293
0,1,15,46,71,111,157,186,205,205,205,205,205,205,205,205
0,1,16,47,86,119,171,174,174,174,174,174,174,174,174,174
0,1,11,47,76,123,158,207,214,215,216,217,218,295,404,404
0,1,12,41,70,99,133,176,207,219,220,265,266,267,268,269
0,1,10,55,81,124,152,168,169,170,171,172,173,174,175,191
0,1,13,49,86,116,152,169,169,169,169,169,169,169,169,169
0,1,15,45,71,120,156,189,230,244,245,246,247,248,249,250
0,1,15,61,106,139,191,192,193,194,195,196,197,198,199,200
0,1,15,52,94,115,116,117,118,136,136,136,136,136,136,136
0,1,12,48,72,72,72,72,72,72,72,72,72,72,72,72
0,1,14,29,29,29,29,29,29,29,29,29,29,29,29,29
0,1,12,38,74,116,117,118,129,178,201,201,201,201,201,201
0,1,13,55,76,77,78,79,80,81,82,83,84,85,86,183
0,1,14,54,79,99,100,101,102,103,104,107,108,109,110,262
0,1,9,62,111,139,175,199,214,237,263,271,271,271,271,271
0,1,16,63,94,124,170,233,246,246,246,246,246,246,246,246
0,1,11,12,13,14,15,16,17,18,19,20,21,22,23,277
0,1,13,47,79,109,150,191,211,211,211,211,211,211,211,211
0,1,38,109,127,190,222,223,224,225,226,227,228,229,230,231
0,1,14,39,71,90,91,92,93,94,95,96,112,113,114,139
0,1,12,54,92,135,185,214,215,216,219,220,221,222,257,304
0,1,16,44,87,142,163,218,249,259,259,259,259,259,259,259
0,1,2,3,4,5,34,35,36,37,38,39,40,60,114,146
0,1,12,45,88,125,126,127,128,129,331,357,357,357,357,357
0,1,13,35,79,111,138,176,196,197,198,199,200,201,202,203
0,1,13,33,34,35,36,37,38,39,40,41,42,43,44,282
0,1,18,42,80,129,177,218,248,283,284,285,286,287,408,409
0,1,14,40,69,99,125,127,128,129,130,131,132,199,213,272
0,1,12,49,92,125,142,143,144,145,146,147,148,149,195,275
0,1,13,40,50,51,52,53,106,162,206,236,255,256,283,284
0,1,9,44,84,124,151,152,153,154,162,223,224,225,226,227
0,1,15,54,81,119,163,207,227,261,261,261,261,261,261,261
0,1,9,43,68,119,152,179,179,179,179,179,179,179,179,179
0,1,11,35,79,156,207,246,279,323,364,369,370,371,372,373
0,1,14,51,86,150,175,205,250,263,278,279,280,281,282,477
0,1,17,47,48,49,50,51,51,51,51,51,51,51,51,51
0,1,12,25,26,27,85,122,207,215,216,217,218,219,220,221
0,1,14,43,82,126,157,167,168,169,170,171,172,173,193,194
0,1,12,45,80,125,180,229,247,248,249,250,251,252,253,254
0,1,12,44,65,66,67,68,69,70,71,72,73,74,75,76
0,1,9,45,70,71,72,73,74,75,76,77,78,80,117,155
0,1,13,45,54,54,54,54,54,54,54,54,54,54,54,54
0,1,12,51,90,134,166,205,238,273,276,277,278,337,337,337
0,1,14,53,96,112,113,114,115,116,117,118,119,120,121,122
0,1,12,46,76,117,146,178,180,181,182,183,184,246,264,264
0,1,8,66,79,79,79,79,79,79,79,79,79,79,79,79
0,1,13,47,93,107,108,109,110,111,112,122,160,192,230,273
0,1,18,51,63,64,65,66,67,68,69,70,71,72,73,74
0,1,13,61,92,130,172,201,236,286,314,315,316,360,360,360
0,1,13,25,25,25,25,25,25,25,25,25,25,25,25,25
0,1,8,46,47,47,47,47,47,47,47,47,47,47,47,47
0,1,13,40,63,64,65,66,67,68,69,70,71,72,73,74
0,1,10,34,35,36,37,38,39,40,41,42,43,44,45,189
0,1,15,47,96,137,179,180,181,182,183,184,185,186,187,188
0,1,10,35,36,37,38,39,40,40,40,40,40,40,40,40
0,1,14,49,78,109,111,112,113,114,115,116,127,162,197,229
0,1,17,53,54,55,56,57,58,59,60,61,62,79,134,170
0,1,16,33,34,35,36,37,38,39,39,39,39,39,39,39
0,1,12,46,70,99,99,99,99,99,99,99,99,99,99,99
0,1,14,57,88,88,88,88,88,88,88,88,88,88,88,88
0,1,13,38,58,59,60,61,62,63,64,65,66,67,68,69
0,1,12,41,98,137,159,183,183,183,183,183,183,183,183,183
0,1,13,40,75,113,122,123,124,125,155,155,155,155,155,155
0,1,14,50,77,119,120,121,122,123,124,130,185,249,283,321
0,1,9,41,82,124,127,160,227,227,227,227,227,227,227,227
0,1,13,46,62,62,62,62,62,62,62,62,62,62,62,62
0,1,10,42,90,124,175,199,200,201,202,203,216,254,285,341
0,1,13,39,69,101,102,103,104,105,182,237,238,239,272,328
0,1,18,56,127,171,191,192,193,194,195,196,197,198,215,245
0,1,16,57,100,118,118,118,118,118,118,118,118,118,118,118
0,1,13,45,78,115,155,189,190,191,192,193,194,195,196,197
0,1,14,51,126,167,211,219,219,219,219,219,219,219,219,219
0,1,10,57,114,146,147,148,149,150,151,152,153,154,165,165
0,1,10,42,78,132,192,220,246,247,248,271,272,273,302,344
0,1,11,39,70,113,158,193,194,195,196,197,198,241,241,241
0,1,24,56,94,125,162,209,238,287,324,335,335,335,335,335
0,1,11,40,86,87,88,89,90,112,155,174,175,176,191,191
0,1,14,61,98,152,186,221,249,264,265,266,267,268,352,352
0,1,14,91,180,224,253,282,337,359,360,361,362,363,430,451
0,1,12,42,72,100,101,102,103,104,105,106,107,108,109,207
0,1,8,31,64,124,148,169,170,171,172,173,174,175,176,177
0,1,4,5,6,7,8,9,10,11,12,13,14,15,16,17
0,1,9,33,33,33,33,33,33,33,33,33,33,33,33,33
